<?xml version="1.0" encoding="UTF-8"?><!DOCTYPE module PUBLIC "-//Puppy Crawl//DTD Check Configuration 1.2//EN" "http://www.puppycrawl.com/dtds/configuration_1_2.dtd"><!-- Generated by Sonar --><module name="Checker"><module name="SuppressionCommentFilter"/><module name="TreeWalker"><module name="FileContentsHolder"/> <module name="CyclomaticComplexity"><property name="severity" value="warning"/><property name="max" value="10"/></module><module name="HiddenField"><property name="severity" value="warning"/><property name="tokens" value="VARIABLE_DEF"/><property name="ignoreConstructorParameter" value="true"/><property name="ignoreSetter" value="true"/><property name="ignoreAbstractMethods" value="true"/></module><module name="StringLiteralEquality"><property name="severity" value="warning"/></module><module name="LocalVariableName"><property name="severity" value="warning"/><property name="format" value="^[a-z&#233;&#234;&#238;&#232;&#224;&#244;&#231;&#239;][a-zA-Z0-9&#233;&#234;&#238;&#244;&#232;&#224;&#231;&#239;&#212;&#201;&#200;&#206;&#194;&#202;&#199;&#207;]*$"/></module><module name="IllegalThrows"><property name="severity" value="warning"/></module><module name="RedundantModifier"><property name="severity" value="info"/></module><module name="AnonInnerLength"><property name="severity" value="warning"/></module><module name="StaticVariableName"><property name="severity" value="warning"/><property name="format" value="^[a-z][a-zA-Z0-9&#234;&#232;&#233;&#224;&#244;]*$"/><property name="applyToPublic" value="true"/><property name="applyToProtected" value="true"/><property name="applyToPackage" value="true"/><property name="applyToPrivate" value="true"/></module><module name="MethodName"><property name="severity" value="warning"/><property name="format" value="^[a-z&#233;&#234;&#238;&#232;&#224;&#231;&#239;][a-zA-Z0-9&#233;&#234;&#238;&#232;&#224;&#231;&#239;&#201;&#200;&#206;&#194;&#202;&#199;&#207;]*$"/><property name="allowClassName" value="false"/></module><module name="ParameterName"><property name="severity" value="warning"/><property name="format" value="^p_[a-z][_a-zA-Z0-9&#234;&#232;&#233;&#224;&#244;]*$"/></module><module name="FinalClass"><property name="severity" value="warning"/></module><module name="MethodTypeParameterName"><property name="severity" value="warning"/><property name="format" value="^[A-Z]$"/></module><module name="DefaultComesLast"><property name="severity" value="warning"/></module><module name="LocalFinalVariableName"><property name="severity" value="warning"/><property name="format" value="^[a-z&#233;&#234;&#238;&#232;&#244;&#224;&#231;&#239;][a-zA-Z0-9&#233;&#234;&#238;&#232;&#244;&#224;&#231;&#239;&#201;&#212;&#200;&#206;&#194;&#202;&#199;&#207;]*$"/></module><module name="TypeName"><property name="severity" value="warning"/><property name="format" value="^I[A-Z][a-zA-Z0-9&#234;&#232;&#233;&#224;&#244;]*$"/><property name="tokens" value="INTERFACE_DEF"/><property name="applyToPublic" value="true"/><property name="applyToProtected" value="true"/><property name="applyToPackage" value="true"/><property name="applyToPrivate" value="true"/></module><module name="TypeName"><property name="id" value="com.puppycrawl.tools.checkstyle.checks.naming.TypeNameCheck_1359480605"/><property name="severity" value="warning"/><property name="format" value="^Cl[A-Z][a-zA-Z0-9&#234;&#232;&#233;&#224;&#244;]*$"/><property name="tokens" value="CLASS_DEF"/><property name="applyToPublic" value="true"/><property name="applyToProtected" value="true"/><property name="applyToPackage" value="true"/><property name="applyToPrivate" value="true"/></module><module name="Indentation"><property name="severity" value="warning"/><property name="basicOffset" value="4"/><property name="braceAdjustment" value="0"/><property name="caseIndent" value="4"/><property name="tabWidth" value="4"/></module><module name="MemberName"><property name="severity" value="warning"/><property name="format" value="^m_[a-z][a-zA-Z0-9&#234;&#232;&#233;&#224;&#244;]*$"/><property name="applyToPublic" value="true"/><property name="applyToProtected" value="true"/><property name="applyToPackage" value="true"/><property name="applyToPrivate" value="true"/></module><module name="EqualsHashCode"><property name="severity" value="error"/></module><module name="VisibilityModifier"><property name="severity" value="warning"/></module><module name="EmptyStatement"><property name="severity" value="info"/></module><module name="PackageName"><property name="severity" value="warning"/><property name="format" value="^[a-zA-Z]+(\.[a-zA-Z_&#233;&#234;&#238;&#232;&#224;&#231;&#239;&#201;&#200;&#206;&#194;&#202;&#199;&#207;][&#233;&#234;&#238;&#232;&#224;&#231;&#239;&#201;&#200;&#206;&#194;&#202;&#199;&#207;a-zA-Z0-9_]*)*$"/></module><module name="ConstantName"><property name="severity" value="info"/><property name="format" value="^[A-Z&#201;&#212;&#200;&#206;&#194;&#202;&#199;&#207;][A-Z0-9&#201;&#212;&#200;&#206;&#194;&#202;&#199;&#207;]*(_[A-Z0-9&#201;&#212;&#200;&#206;&#194;&#202;&#199;&#207;]+)*$"/><property name="applyToPublic" value="true"/><property name="applyToProtected" value="true"/><property name="applyToPackage" value="true"/><property name="applyToPrivate" value="true"/></module><module name="ParameterAssignment"><property name="severity" value="warning"/></module><module name="RedundantThrows"><property name="severity" value="info"/><property name="suppressLoadErrors" value="true"/></module><module name="UnusedImports"><property name="severity" value="info"/><property name="processJavadoc" value="false"/></module><module name="SimplifyBooleanReturn"><property name="severity" value="warning"/></module><module name="HideUtilityClassConstructor"><property name="severity" value="warning"/></module><module name="SimplifyBooleanExpression"><property name="severity" value="warning"/></module><module name="ClassTypeParameterName"><property name="severity" value="warning"/><property name="format" value="^[A-Z]$"/></module><module name="ModifierOrder"><property name="severity" value="info"/></module><module name="BooleanExpressionComplexity"><property name="severity" value="warning"/></module><module name="MagicNumber"><property name="severity" value="info"/><property name="ignoreHashCodeMethod" value="false"/><property name="ignoreAnnotation" value="false"/></module></module></module>